term,df,sumsq,meansq,statistic,p.value
Country,8,41687609888781.87,5210951236097.733,9591.925397971872,2.0413114055308146e-280
Residuals,225,122234481553.60936,543264362.460486,NA,NA
