term,df,sumsq,meansq,statistic,p.value
Country,9,573925350569714,63769483396634.89,4536.754039492066,2.1333736717267017e-271
Residuals,250,3514047865584.449,14056191462.337797,NA,NA
